Heloderma	Anolis
LOC_00019168	rna-XM_060785042.2, rna-XM_060785039.2, rna-XM_060785041.2, rna-XM_060785035.2, rna-XM_060785034.2, rna-XM_060785037.2, rna-XM_060785038.2, rna-XM_060785040.2, rna-XM_060785043.2
LOC_00019236	rna-XM_060785161.2, rna-XM_060785162.2, rna-XM_060785163.2, rna-XM_060785164.2
LOC_00019069	rna-XM_060784981.2, rna-XM_060784980.2, rna-XM_060784982.2
LOC_00019076	rna-XM_060784971.2
LOC_00019076	rna-XM_060784972.2
LOC_00019218	rna-XM_060784985.2, rna-XM_060784986.2, rna-XM_060784988.2, rna-XM_060784987.2
LOC_00019355	rna-XM_067473570.1, rna-XM_060784830.2, rna-XM_060784831.2, rna-XM_060784832.2
LOC_00019090	rna-XM_067473485.1
LOC_00019090	rna-XM_067473484.1
LOC_00019157	rna-XM_060785136.2, rna-XM_060785134.2, rna-XM_060785135.2, rna-XM_060785137.2
LOC_00019342	rna-XM_067473530.1, rna-XM_067473531.1, rna-XM_067473532.1, rna-XM_067473533.1
LOC_00019358	rna-XM_060784826.2, rna-XM_060784827.2
LOC_00019300	rna-XM_060784809.2, rna-XM_067473580.1
LOC_00019370	rna-XM_067473554.1, rna-XM_067473555.1, rna-XM_067473556.1, rna-XM_060785745.2
LOC_00019184	rna-XM_060785179.2
LOC_00019298	rna-XM_060784813.2, rna-XM_060784812.2, rna-XM_060784816.2
LOC_00019094	rna-XM_060784938.2
LOC_00019130	rna-XM_060786147.2
LOC_00019083	rna-XM_060784960.2, rna-XM_060784962.2, rna-XM_060784959.2, rna-XM_060784958.2
LOC_00019092	rna-XM_060784940.2, rna-XM_060784941.2
LOC_00019112	rna-XM_060786171.2, rna-XM_060786170.2
LOC_00019276	rna-XM_060785115.2
LOC_00019243	rna-XM_060785156.2
LOC_00019161	rna-XM_060785064.2
LOC_00019256	rna-XM_060785077.2, rna-XM_060785078.2, rna-XM_060785079.2, rna-XM_067473406.1
LOC_00019131	rna-XM_060786144.2, rna-XM_060786145.2, rna-XM_060786146.2
LOC_00019085	rna-XM_060784957.2
LOC_00019207	rna-XM_060785138.2, rna-XM_060785139.2, rna-XM_060785140.2
LOC_00019183	rna-XM_060785181.2, rna-XM_060785180.2
LOC_00019078	rna-XM_060784968.2, rna-XM_060784969.2, rna-XM_067473478.1
LOC_00019239	rna-XM_060785158.2, rna-XM_060785159.2
LOC_00019219	rna-XM_060784989.2, rna-XM_060784990.2
LOC_00019211	rna-XM_060785003.2
LOC_00019211	rna-XM_060785004.2
LOC_00019166	rna-XM_060785053.2, rna-XM_060785054.2
LOC_00019289	rna-XM_067473441.1, rna-XM_067473440.1, rna-XM_067473439.1
LOC_00019297	rna-XM_060784818.2
LOC_00019301	rna-XM_060785068.2, rna-XM_060785066.2
LOC_00019336	rna-XM_060784881.2, rna-XM_060784882.2
LOC_00019374	rna-XM_067473557.1
LOC_00019264	rna-XM_060785092.2, rna-XM_060785091.2
LOC_00019206	rna-XM_060784907.2, rna-XM_060784909.2, rna-XM_060784908.2
LOC_00019111	rna-XM_060786172.2
LOC_00019306	rna-XM_060785072.2, rna-XM_060785074.2
LOC_00019140	rna-XM_067473608.1
LOC_00019329	rna-XM_060784896.2
LOC_00019353	rna-XM_067473568.1
LOC_00019120	rna-XM_060784727.2, rna-XM_067473619.1
LOC_00019114	rna-XM_060786167.2, rna-XM_060786168.2
LOC_00019175	rna-XM_060785191.2, rna-XM_060785190.2
LOC_00019127	rna-XM_067473613.1, rna-XM_067473612.1
LOC_00019278	rna-XM_060785049.2, rna-XM_060785048.2, rna-XM_060785047.2
LOC_00019364	rna-XM_067473559.1, rna-XM_067473558.1
LOC_00019100	rna-XM_067473489.1, rna-XM_067473488.1, rna-XM_060784936.2, rna-XM_067473487.1, rna-XM_060784937.2
LOC_00019262	rna-XM_060785089.2
LOC_00019285	rna-XM_060785023.2, rna-XM_060785021.2, rna-XM_067473435.1
LOC_00019296	rna-XM_060784819.2
LOC_00019373	rna-XM_060784861.2
LOC_00019083	rna-XM_060784963.2
LOC_00019174	rna-XM_060784934.2
LOC_00019325	rna-XM_060784899.2
LOC_00019367	rna-XM_067473551.1, rna-XM_067473553.1, rna-XM_067473552.1
LOC_00019197	rna-XM_060784920.2
LOC_00019162	rna-XM_060785063.2
LOC_00019284	rna-XM_060785026.2
LOC_00019335	rna-XM_060784884.2, rna-XM_060784883.2
LOC_00019378	rna-XM_060784865.2
LOC_00019282	rna-XM_060785028.2, rna-XM_060785027.2
LOC_00019132	rna-XM_060786143.2
LOC_00019196	rna-XM_067473495.1
LOC_00019292	rna-XM_067473447.1, rna-XM_067473446.1
LOC_00019360	rna-XM_060784823.2, rna-XM_067473574.1
LOC_00019135	rna-XM_060786140.2
LOC_00019203	rna-XM_060784916.2
LOC_00019331	rna-XM_060784894.2
LOC_00019212	rna-XM_060784999.2
LOC_00019204	rna-XM_060784914.2
LOC_00019375	rna-XM_060784848.2
LOC_00019368	rna-XM_067473566.1
LOC_00019362	rna-XM_060784820.2
LOC_00019295	rna-XM_067473451.1
LOC_00019299	rna-XM_060784807.2, rna-XM_067473579.1
LOC_00019307	rna-XM_060785075.2
LOC_00019361	rna-XM_060784822.2
LOC_00019116	rna-XM_060786165.2
LOC_00019305	rna-XM_060785071.2
LOC_00019327	rna-XM_060783901.2
LOC_00019369	rna-XM_060784849.2
LOC_00019356	rna-XM_067473571.1
LOC_00019143	rna-XM_060786184.2
LOC_00019204	rna-XM_060784915.2
LOC_00019169	rna-XM_060785751.2
LOC_00019285	rna-XM_060785025.2
LOC_00019332	rna-XM_060784893.2
LOC_00019334	rna-XM_060784885.2
LOC_00019359	rna-XM_060784824.2
LOC_00019354	rna-XM_060784835.2
LOC_00019225	rna-XM_060785145.2
LOC_00019350	rna-XM_060784840.2
LOC_00019130	rna-XM_060786148.2
LOC_00019351	rna-XM_060784841.2
