Heloderma	Furcifer
LOC_00019168	rna-QN063_000041-R7, rna-QN063_000041-R6, rna-QN063_000041-R4, rna-QN063_000041-R5, rna-QN063_000041-R3, rna-QN063_000041-R1, rna-QN063_000041-R2
LOC_00019236	rna-QN063_020113-R6, rna-QN063_020113-R4, rna-QN063_020113-R1, rna-QN063_020113-R2, rna-QN063_020113-R3, rna-QN063_020113-R7, rna-QN063_020113-R5
LOC_00019069	rna-QN063_020267-R2, rna-QN063_020267-R1, rna-QN063_020267-R3
LOC_00019076	rna-QN063_020265-R1, rna-QN063_020265-R2, rna-QN063_020265-R3, rna-QN063_020265-R4
LOC_00019076	rna-QN063_020265-R6
LOC_00019218	rna-QN063_019262-R1, rna-QN063_019262-R2, rna-QN063_019262-R3
LOC_00019355	rna-QN063_020119-R3, rna-QN063_020119-R4, rna-QN063_020119-R2, rna-QN063_020119-R1
LOC_00019090	rna-QN063_020116-R3
LOC_00019090	rna-QN063_020116-R1
LOC_00019157	rna-QN063_019155-R1, rna-QN063_019155-R2
LOC_00019342	rna-QN063_000320-R1, rna-QN063_000320-R2
LOC_00019358	rna-QN063_020166-R2, rna-QN063_020166-R1, rna-QN063_020166-R3
LOC_00019300	rna-QN063_019866-R2
LOC_00019300	rna-QN063_019866-R1
LOC_00019370	rna-QN063_019533-R6, rna-QN063_019533-R1, rna-QN063_019533-R2, rna-QN063_019533-R3, rna-QN063_019533-R5, rna-QN063_019533-R4
LOC_00019184	rna-QN063_020158-R2, rna-QN063_020158-R1
LOC_00019298	rna-QN063_000316-R2, rna-QN063_000316-R1
LOC_00019094	rna-QN063_019351-R1, rna-QN063_019351-R2
LOC_00019130	rna-QN063_000043-R1
LOC_00019083	rna-QN063_020264-R2, rna-QN063_020264-R1
LOC_00019092	rna-QN063_020365-R2, rna-QN063_020365-R1
LOC_00019112	rna-QN063_019254-R1, rna-QN063_019254-R2
LOC_00019276	rna-QN063_020272-R5, rna-QN063_020272-R2, rna-QN063_020272-R1, rna-QN063_020272-R3, rna-QN063_020272-R4
LOC_00019243	rna-QN063_000057-R1
LOC_00019161	rna-QN063_020159-R1
LOC_00019256	rna-QN063_019677-R1, rna-QN063_019677-R4, rna-QN063_019677-R3, rna-QN063_019677-R5, rna-QN063_019677-R2, rna-QN063_019677-R6
LOC_00019131	rna-QN063_000051-R1, rna-QN063_000051-R2, rna-QN063_000051-R3
LOC_00019085	rna-QN063_020495-R1
LOC_00019122	rna-QN063_019524-R2, rna-QN063_019524-R1
LOC_00019207	rna-QN063_019411-R1
LOC_00019183	rna-QN063_019348-R1
LOC_00019078	rna-QN063_020163-R1, rna-QN063_020163-R3, rna-QN063_020163-R2
LOC_00019239	rna-QN063_019406-R1, rna-QN063_019406-R2, rna-QN063_019406-R3
LOC_00019219	rna-QN063_020196-R1
LOC_00019211	rna-QN063_000313-R3
LOC_00019211	rna-QN063_000313-R2, rna-QN063_000313-R1, rna-QN063_000313-R4
LOC_00019166	rna-QN063_000049-R3, rna-QN063_000049-R2
LOC_00019289	rna-QN063_019584-R1, rna-QN063_019584-R2
LOC_00019297	rna-QN063_019353-R2, rna-QN063_019353-R1, rna-QN063_019353-R3, rna-QN063_019353-R4
LOC_00019301	rna-QN063_020465-R5, rna-QN063_020465-R4, rna-QN063_020465-R2, rna-QN063_020465-R1, rna-QN063_020465-R3
LOC_00019336	rna-QN063_019594-R2, rna-QN063_019594-R1, rna-QN063_019594-R3
LOC_00019374	rna-QN063_000068-R3, rna-QN063_000068-R2, rna-QN063_000068-R1
LOC_00019264	rna-QN063_020276-R1, rna-QN063_020276-R2
LOC_00019206	rna-QN063_020121-R2, rna-QN063_020121-R1, rna-QN063_020121-R3
LOC_00019076	rna-QN063_016666-R7, rna-QN063_016666-R6
LOC_00019111	rna-QN063_000250-R1
LOC_00019306	rna-QN063_019266-R1
LOC_00019140	rna-QN063_019256-R2, rna-QN063_019256-R1, rna-QN063_019256-R3
LOC_00019329	rna-QN063_019687-R1
LOC_00019353	rna-QN063_019270-R1
LOC_00019120	rna-QN063_019525-R2, rna-QN063_019525-R1
LOC_00019114	rna-QN063_019725-R1
LOC_00019175	rna-QN063_020105-R6
LOC_00019127	rna-QN063_019346-R3, rna-QN063_019346-R2, rna-QN063_019346-R1
LOC_00019278	rna-QN063_020275-R2, rna-QN063_020275-R3, rna-QN063_020275-R4, rna-QN063_020275-R1
LOC_00019364	rna-QN063_019586-R1, rna-QN063_019586-R2
LOC_00019100	rna-QN063_020456-R1
LOC_00019262	rna-QN063_020018-R1, rna-QN063_000132-R1
LOC_00019285	rna-QN063_019684-R2, rna-QN063_019684-R1
LOC_00019296	rna-QN063_019734-R1
LOC_00019373	rna-QN063_000070-R2, rna-QN063_000070-R1
LOC_00019083	rna-QN063_000058-R1
LOC_00019174	rna-QN063_019526-R1
LOC_00019325	rna-QN063_019354-R1
LOC_00019367	rna-QN063_019686-R1, rna-QN063_019686-R2
LOC_00019197	rna-QN063_019591-R1, rna-QN063_019591-R2
LOC_00019162	rna-QN063_020463-R6
LOC_00019284	rna-QN063_019782-R1
LOC_00019335	rna-QN063_020125-R1
LOC_00019378	rna-QN063_020123-R1
LOC_00019282	rna-QN063_020197-R1
LOC_00019132	rna-QN063_000052-R1
LOC_00019196	rna-QN063_019159-R1
LOC_00019292	rna-QN063_019736-R5, rna-QN063_019736-R3, rna-QN063_019736-R1, rna-QN063_019736-R2, rna-QN063_019736-R4
LOC_00019360	rna-QN063_000317-R1
LOC_00019135	rna-QN063_000050-R1, rna-QN063_000050-R3, rna-QN063_000050-R2
LOC_00019203	rna-QN063_019090-R1, rna-QN063_019090-R2
LOC_00019331	rna-QN063_019091-R1
LOC_00019212	rna-QN063_020164-R1
LOC_00019204	rna-QN063_000263-R1
LOC_00019375	rna-QN063_020278-R1
LOC_00019368	rna-QN063_019585-R1
LOC_00019362	rna-QN063_019740-R1
LOC_00019295	rna-QN063_019735-R1
LOC_00019299	rna-QN063_019779-R1
LOC_00019307	rna-QN063_000262-R1
LOC_00019361	rna-QN063_019741-R1
LOC_00019116	rna-QN063_020261-R1
LOC_00019175	rna-QN063_020105-R9, rna-QN063_020105-R10
LOC_00019285	rna-QN063_019684-R3
LOC_00019305	rna-QN063_019267-R1
LOC_00019327	rna-QN063_019472-R1
LOC_00019369	rna-QN063_019535-R1
LOC_00019356	rna-QN063_019870-R2, rna-QN063_019870-R1
LOC_00019143	rna-QN063_019404-R1
LOC_00019169	rna-QN063_000110-R1
LOC_00019332	rna-QN063_020466-R1
LOC_00019334	rna-QN063_019909-R1
LOC_00019359	rna-QN063_019272-R1
LOC_00019354	rna-QN063_019158-R1
LOC_00019225	rna-QN063_019674-R1
LOC_00019350	rna-QN063_019867-R1
LOC_00019165	rna-QN063_000044-R1
LOC_00019130	rna-QN063_000053-R1
LOC_00019173	rna-QN063_020156-R1
